날짜,시가,고가,저가,종가,거래량,등락률,ticker,name,거래대금,거래대금_log,return_1d,return_5d,return_20d,ma5,ma20,ma60,ma5_gap,ma20_gap,ma60_gap,volatility_20,volume_change,volume_ma20,volume_ratio,high_low_gap,open_close_gap,next_open,next_close,target,proba,rank,weight,target_amount,shares,buy_amount,signal_date,status
2026-04-24,12340,13455,12110,13390,2060658,0.0833333333333332,33790,피노,27592210620,24.04079934596005,0.0833333333333332,0.3416833667334669,0.846896551724138,11680.0,10020.0,7103.75,0.1464041095890411,0.3363273453093811,0.8849199366531761,0.0764999284101193,-0.4840311044919029,6590593.95,0.3126665086080747,0.1004480955937266,0.0850891410048622,13500.0,14180.0,1,0.7622037,1.0,0.2,2000000.0,149,1995110,2026-04-24,OPEN
2026-04-24,45800,56500,45800,54000,20601605,0.1816192560175054,80220,제주반도체,1112486670000,27.73761886889345,0.1816192560175054,0.2471131639722863,0.3449564134495642,47300.0,41967.5,42755.833333333336,0.1416490486257928,0.2867099541311728,0.2629855575262634,0.0648188173174256,8.881718805460423,2636695.5,7.813418348838537,0.1981481481481481,0.1790393013100436,54900.0,58400.0,1,0.7106068,2.0,0.2,2000000.0,37,1998000,2026-04-24,OPEN
2026-04-24,90700,91900,88300,90600,69416,-0.0098360655737704,445680,큐리옥스바이오시스템즈,6289089600,22.5620821596634,-0.0098360655737704,-0.0022026431718061,-0.1996466431095406,90120.0,87290.0,104268.33333333331,0.0053262316910784,0.0379195784167716,-0.1310880580553379,0.0641756338896318,-0.1907859457695088,170175.15,0.407909145371695,0.0397350993377483,-0.0011025358324145,90200.0,90700.0,1,0.7023955,3.0,0.2,2000000.0,22,1993200,2026-04-24,OPEN
2026-04-24,374500,417500,374000,411500,569981,0.0828947368421053,250,삼천당제약,234547181500,26.18092260502536,0.0828947368421053,-0.1524201853759011,-0.6296129612961296,429500.0,569200.0,651500.0,-0.0419091967403958,-0.2770555165144062,-0.3683806600153492,0.0994129912725558,0.1986276307599133,647996.4,0.8796051953375049,0.1057108140947752,0.0987983978638184,421000.0,445000.0,1,0.69951326,4.0,0.2,2000000.0,4,1646000,2026-04-24,OPEN
2026-04-24,34650,42300,34450,42300,30620110,0.2995391705069123,98460,고영,1295230653000,27.889709905645752,0.2995391705069123,0.2818181818181817,0.5494505494505495,34340.0,29230.0,30368.33333333333,0.2317996505532906,0.4471433458775231,0.3928983041545471,0.0814120870701075,11.36791881633545,3596593.55,8.513642026633786,0.185579196217494,0.2207792207792207,43250.0,43500.0,1,0.67958194,5.0,0.2,2000000.0,47,1988100,2026-04-24,OPEN
2026-04-27 00:00:00,19000,21300,18790,20300,1406230,0.114772103239978,52020,에스티큐브,28546469000,24.074799087676418,0.114772103239978,0.2061794414735591,0.044238683127572,17612.0,16374.5,13130.333333333334,0.1526232114467409,0.2397325109163639,0.5460384351755476,0.0560812974620255,1.4051975240437655,542606.75,2.591619068505875,0.1236453201970443,0.0684210526315789,20200.0,20500.0,1,0.8214628100395203,1.0,0.2,2000000.0,98,1989400,2026-04-27 00:00:00,OPEN
2026-04-27 00:00:00,56000,56400,55200,55200,49591,0.0018148820326677,35760,CJ ENM,2737423200,21.73028287726628,0.0018148820326677,-0.0018083182640145,-0.0466321243523316,54740.0,54375.0,63410.0,0.0084033613445377,0.0151724137931035,-0.1294748462387636,0.0206307000605569,0.5312480701537701,56064.2,0.8845395100616793,0.0217391304347826,-0.0142857142857142,55300.0,55400.0,1,0.6638066172599792,2.0,0.2,2000000.0,36,1987200,2026-04-27 00:00:00,OPEN
2026-04-27 00:00:00,18720,19280,17600,17960,9736437,-0.0405982905982905,27360,아주IB투자,174866408520,25.88728813946713,-0.0405982905982905,0.4818481848184819,0.9845303867403314,15508.0,11181.5,7551.333333333333,0.1581119422233685,0.606224567365738,1.3783879226626643,0.1113620513027026,-0.7382885203003569,15534847.1,0.6267481705693776,0.0935412026726058,-0.0405982905982906,18310.0,18700.0,1,0.6189859509468079,3.0,0.2,2000000.0,111,1993560,2026-04-27 00:00:00,OPEN
2026-04-27 00:00:00,44800,47600,43800,46600,176775,0.0401785714285714,94170,동운아나텍,8237715000,22.831988836707573,0.0401785714285714,0.0913348946135832,0.5154471544715447,44370.0,34777.5,30994.166666666668,0.0502591841334234,0.3399468046869385,0.5035087247600354,0.0532445883746496,0.2782272934336971,236571.7,0.7472364615040599,0.0815450643776824,0.0401785714285714,46450.0,47850.0,1,0.6176681518554688,4.0,0.2,2000000.0,42,1957200,2026-04-27 00:00:00,OPEN
2026-04-27 00:00:00,13500,14250,13130,14180,1864860,0.0589992531740104,33790,피노,26443714800,23.99828434134219,0.0589992531740104,0.4194194194194194,0.702280912364946,12518.0,10312.5,7249.083333333333,0.1327688129094104,0.375030303030303,0.9561093931416618,0.0718787922718052,-0.095017222654123,5710491.7,0.3265673251919795,0.078984485190409,0.0503703703703703,14180.0,14190.0,1,0.6174324750900269,5.0,0.2,2000000.0,141,1999380,2026-04-27 00:00:00,OPEN
2026-04-28 00:00:00,90000,90000,86500,86600,264100,-0.0214689265536722,95610,테스,22871060000,23.85313819287948,-0.0214689265536722,-0.0225733634311512,0.5631768953068592,89540.0,79580.0,71411.66666666667,-0.0328344873799418,0.0882131188740888,0.2126870025906131,0.0486329261235509,-0.0314050677943101,409172.35,0.6454492831688163,0.0404157043879907,-0.0377777777777777,85700.0,86600.0,1,0.6989082098007202,1.0,0.2,2000000.0,23,1991800,2026-04-28 00:00:00,OPEN
2026-04-28 00:00:00,46000,46750,44750,46200,248040,-0.0201484623541887,83450,GST,11459448000,23.16208037962091,-0.0201484623541887,0.068208092485549,0.8629032258064515,45570.0,36902.5,31754.166666666668,0.0138248847926267,0.2519477000203238,0.454927174911429,0.0465477212347669,-0.3976643831790907,492502.7,0.5036317567396077,0.0432900432900432,0.0043478260869565,44950.0,49600.0,1,0.6851350665092468,2.0,0.2,2000000.0,43,1986600,2026-04-28 00:00:00,OPEN
2026-04-28 00:00:00,438000,443000,425000,432000,173088,-0.0292134831460674,250,삼천당제약,74774016000,25.03773628191077,-0.0292134831460674,-0.0914826498422712,-0.4788902291917973,414300.0,512400.0,651850.0,0.0427226647356988,-0.1569086651053863,-0.3372708445194446,0.0800210655613047,-0.5610780326006471,597132.4,0.2898653631924846,0.0416666666666666,-0.0136986301369863,434500.0,443000.0,1,0.6779564619064331,3.0,0.2,2000000.0,4,1728000,2026-04-28 00:00:00,OPEN
2026-04-28 00:00:00,43700,43850,39600,39950,6416972,-0.0816091954022988,98460,고영,256358031400,26.26984086451176,-0.0816091954022988,0.2484375000000001,0.6339468302658486,38280.0,30877.5,30662.5,0.0436259143155695,0.293822362561736,0.3028944150020383,0.081009801428745,-0.6090868186814064,4624225.1,1.387685906553295,0.1063829787234042,-0.085812356979405,39900.0,41950.0,1,0.6750941872596741,4.0,0.2,2000000.0,50,1997500,2026-04-28 00:00:00,OPEN
2026-04-28 00:00:00,480000,491500,473000,483500,36164,-0.0030927835051546,357780,솔브레인,17485294000,23.584626021789934,-0.0030927835051546,0.0963718820861678,0.3282967032967032,472300.0,424675.0,424616.6666666667,0.0237137412661443,0.1385176899982338,0.1386740982062251,0.0378718219672008,-0.0940881763527053,44557.2,0.8116308924259155,0.0382626680455015,0.0072916666666666,471000.0,479000.0,1,0.66628497838974,5.0,0.2,2000000.0,4,1934000,2026-04-28 00:00:00,OPEN
2026-04-29 00:00:00,15040,19130,14630,16580,48810077,-0.1133689839572192,27360,아주IB투자,809271076660,27.419399774098192,-0.1133689839572192,0.1717314487632508,0.7694770544290288,17310.0,12071.0,8006.333333333333,-0.0421721548238013,0.3735398889901415,1.0708605687164328,0.1088394782218382,2.755598918980141,17493419.2,2.7901964985781627,0.2714113389626055,0.1023936170212766,0.0,15000.0,1,0.8579133152961731,1.0,0.3,3000000.0,180,2984400,2026-04-29 00:00:00,OPEN
2026-04-29 00:00:00,88600,91900,88600,91600,424961,0.0432801822323463,218410,RFHIC,38926427600,24.384939229677943,0.0432801822323463,-0.1317535545023697,-0.0276008492569002,94560.0,92845.0,75005.83333333333,-0.0313028764805414,-0.0134094458506112,0.2212383481284789,0.0468251787423974,-0.4532498594401537,601970.25,0.7059501694643547,0.0360262008733624,0.0338600451467268,93400.0,94300.0,1,0.6679127812385559,2.0,0.3,3000000.0,32,2931200,2026-04-29 00:00:00,OPEN
2026-04-29 00:00:00,14160,14410,13550,14320,2101953,-0.0324324324324324,46890,서울반도체,30099966960,24.12778991105944,-0.0324324324324324,0.329619312906221,0.5234042553191489,13166.0,11077.0,9831.666666666666,0.0876500075953212,0.292768800216665,0.456518053907442,0.081521461277918,-0.7282651188549958,1794309.9,1.171454830628756,0.0600558659217877,0.0112994350282485,16000.0,16510.0,1,0.6075390577316284,3.0,0.3,3000000.0,209,2992880,2026-04-29 00:00:00,OPEN
2026-04-29 00:00:00,15040,19130,14630,16580,48810077,-0.1133689839572192,27360,아주IB투자,809271076660,27.419399774098192,-0.1133689839572192,0.1717314487632508,0.7694770544290288,17310.0,12071.0,8006.333333333333,-0.0421721548238013,0.3735398889901415,1.0708605687164328,0.1088394782218382,2.755598918980141,17493419.2,2.7901964985781627,0.2714113389626055,0.1023936170212766,0.0,15000.0,1,0.8579133152961731,1.0,0.3,3000000.0,180,2984400,2026-04-29 00:00:00,OPEN
2026-04-29 00:00:00,88600,91900,88600,91600,424961,0.0432801822323463,218410,RFHIC,38926427600,24.384939229677943,0.0432801822323463,-0.1317535545023697,-0.0276008492569002,94560.0,92845.0,75005.83333333333,-0.0313028764805414,-0.0134094458506112,0.2212383481284789,0.0468251787423974,-0.4532498594401537,601970.25,0.7059501694643547,0.0360262008733624,0.0338600451467268,93400.0,94300.0,1,0.6679127812385559,2.0,0.3,3000000.0,32,2931200,2026-04-29 00:00:00,OPEN
2026-04-29 00:00:00,14160,14410,13550,14320,2101953,-0.0324324324324324,46890,서울반도체,30099966960,24.12778991105944,-0.0324324324324324,0.329619312906221,0.5234042553191489,13166.0,11077.0,9831.666666666666,0.0876500075953212,0.292768800216665,0.456518053907442,0.081521461277918,-0.7282651188549958,1794309.9,1.171454830628756,0.0600558659217877,0.0112994350282485,16000.0,16510.0,1,0.6075390577316284,3.0,0.3,3000000.0,209,2992880,2026-04-29 00:00:00,OPEN
2026-04-30 00:00:00,15000,16480,13140,13580,4276609,-0.0569444444444444,33790,피노,58076350220,24.78502436494088,-0.0569444444444444,0.098705501618123,0.4524064171122994,13948.0,11172.5,7677.75,-0.0263837109262976,0.2154844484224658,0.7687473543681418,0.0602084682777102,2.125822001162149,4595668.85,0.9305737944978348,0.2459499263622974,-0.0946666666666666,0.0,16130.0,1,0.8652787208557129,1.0,0.2,2000000.0,147,1996260,2026-04-30 00:00:00,OPEN
2026-04-30 00:00:00,96000,99900,81500,87700,588246,-0.0864583333333333,140410,메지온,51589174200,24.666577685116145,-0.0864583333333333,-0.0362637362637362,0.0329799764428739,91900.0,89425.0,110626.66666666669,-0.0457018498367791,-0.0192899077439194,-0.2072435820175967,0.0379637376785841,1.8908142003459665,163625.4,3.5950775368616363,0.209806157354618,-0.0864583333333333,88700.0,91200.0,1,0.7100321650505066,2.0,0.2,2000000.0,22,1929400,2026-04-30 00:00:00,OPEN
2026-04-30 00:00:00,24250,25250,22150,22650,1918005,0.0510440835266821,59090,미코,43442813250,24.49471127223849,0.0510440835266821,0.0995145631067961,0.7133131618759456,21470.0,18263.5,16248.333333333334,0.0549604098742431,0.2401784980972978,0.3939891270899578,0.0719963764172158,1.8169666723456253,900713.95,2.1294274391997594,0.1368653421633554,-0.0659793814432989,23900.0,26100.0,1,0.6880937218666077,3.0,0.2,2000000.0,88,1993200,2026-04-30 00:00:00,OPEN
2026-04-30 00:00:00,89600,92200,87400,88200,152494,-0.0145251396648045,475830,오름테라퓨틱,13449970800,23.32224277206253,-0.0145251396648045,0.0703883495145631,0.1094339622641509,88360.0,84225.0,105281.66666666669,-0.0018107741059303,0.0471950133570793,-0.1622473048488975,0.0357892339677819,-0.3704604282688838,193153.65,0.789495823661629,0.0544217687074829,-0.015625,91800.0,93900.0,1,0.6502029895782471,4.0,0.2,2000000.0,22,1940400,2026-04-30 00:00:00,OPEN
2026-04-30 00:00:00,8750,8800,8280,8300,5156200,-0.037122969837587,36540,SFA반도체,42796460000,24.47972122585648,-0.037122969837587,0.0519645120405576,0.321656050955414,9070.0,7554.5,7210.333333333333,-0.0848952590959206,0.0986829042292674,0.1511256992279599,0.0629317855828045,-0.1601795934162979,6991495.4,0.7374960155162227,0.0626506024096385,-0.0514285714285714,8470.0,8620.0,1,0.6378927826881409,5.0,0.2,2000000.0,240,1992000,2026-04-30 00:00:00,OPEN
2026-04-30 00:00:00,15000,16480,13140,13580,4276609,-0.0569444444444444,33790,피노,58076350220,24.78502436494088,-0.0569444444444444,0.098705501618123,0.4524064171122994,13948.0,11172.5,7677.75,-0.0263837109262976,0.2154844484224658,0.7687473543681418,0.0602084682777102,2.125822001162149,4595668.85,0.9305737944978348,0.2459499263622974,-0.0946666666666666,0.0,16130.0,1,0.8652787208557129,1.0,0.2,2000000.0,147,1996260,2026-04-30 00:00:00,OPEN
2026-04-30 00:00:00,96000,99900,81500,87700,588246,-0.0864583333333333,140410,메지온,51589174200,24.666577685116145,-0.0864583333333333,-0.0362637362637362,0.0329799764428739,91900.0,89425.0,110626.66666666669,-0.0457018498367791,-0.0192899077439194,-0.2072435820175967,0.0379637376785841,1.8908142003459665,163625.4,3.5950775368616363,0.209806157354618,-0.0864583333333333,88700.0,91200.0,1,0.7100321650505066,2.0,0.2,2000000.0,22,1929400,2026-04-30 00:00:00,OPEN
2026-04-30 00:00:00,24250,25250,22150,22650,1918005,0.0510440835266821,59090,미코,43442813250,24.49471127223849,0.0510440835266821,0.0995145631067961,0.7133131618759456,21470.0,18263.5,16248.333333333334,0.0549604098742431,0.2401784980972978,0.3939891270899578,0.0719963764172158,1.8169666723456253,900713.95,2.1294274391997594,0.1368653421633554,-0.0659793814432989,23900.0,26100.0,1,0.6880937218666077,3.0,0.2,2000000.0,88,1993200,2026-04-30 00:00:00,OPEN
2026-04-30 00:00:00,89600,92200,87400,88200,152494,-0.0145251396648045,475830,오름테라퓨틱,13449970800,23.32224277206253,-0.0145251396648045,0.0703883495145631,0.1094339622641509,88360.0,84225.0,105281.66666666669,-0.0018107741059303,0.0471950133570793,-0.1622473048488975,0.0357892339677819,-0.3704604282688838,193153.65,0.789495823661629,0.0544217687074829,-0.015625,91800.0,93900.0,1,0.6502029895782471,4.0,0.2,2000000.0,22,1940400,2026-04-30 00:00:00,OPEN
2026-04-30 00:00:00,8750,8800,8280,8300,5156200,-0.037122969837587,36540,SFA반도체,42796460000,24.47972122585648,-0.037122969837587,0.0519645120405576,0.321656050955414,9070.0,7554.5,7210.333333333333,-0.0848952590959206,0.0986829042292674,0.1511256992279599,0.0629317855828045,-0.1601795934162979,6991495.4,0.7374960155162227,0.0626506024096385,-0.0514285714285714,8470.0,8620.0,1,0.6378927826881409,5.0,0.2,2000000.0,240,1992000,2026-04-30 00:00:00,OPEN
2026-05-04 00:00:00,53000,55000,48550,48650,298697,-0.0535019455252918,94170,동운아나텍,14531609050,23.3995920483148,-0.0535019455252918,0.0859375,0.6775862068965517,48400.0,38580.0,32274.166666666668,0.0051652892561984,0.2610160705028512,0.5073975573859382,0.0519942620360911,-0.2765279776004805,239992.5,1.2446097273873142,0.132579650565262,-0.0820754716981132,48500.0,49650.0,1,0.7675462365150452,1.0,0.2,2000000.0,41,1994650,2026-05-04 00:00:00,OPEN
2026-05-04 00:00:00,21800,21850,17800,19000,1058856,-0.0995260663507109,52020,에스티큐브,20118264000,23.72489389619896,-0.0995260663507109,0.043382756727073,0.1934673366834169,20600.0,17197.0,13976.333333333334,-0.0776699029126213,0.104843868116532,0.3594409597176178,0.0517585296503108,1.540819411716714,538438.55,1.9665308139619644,0.2131578947368421,-0.128440366972477,0.0,18850.0,1,0.6868709325790405,2.0,0.2,2000000.0,105,1995000,2026-05-04 00:00:00,OPEN
2026-05-04 00:00:00,13000,14690,12900,14400,3108844,0.0746268656716417,48410,현대바이오,44767353600,24.52474499646266,0.0746268656716417,-0.0157211209842789,0.1076923076923077,14460.0,14034.5,14121.833333333334,-0.0041493775933609,0.0260429655491822,0.0196976313273771,0.0511014166264469,0.4390444524575381,2171382.05,1.4317351476678184,0.1243055555555555,0.1076923076923077,0.0,13740.0,1,0.6763235330581665,3.0,0.2,2000000.0,138,1987200,2026-05-04 00:00:00,OPEN
2026-05-04 00:00:00,46000,51300,45700,48800,4932305,0.149587750294464,490470,세미파이브,240696484000,26.206802574237805,0.149587750294464,0.2512820512820513,1.0944206008583692,41650.0,35257.5,29544.166666666668,0.1716686674669867,0.3841026731901014,0.65176430767495,0.0931965064365266,0.4916780279614874,3339780.8,1.4768349467725548,0.1147540983606557,0.0608695652173913,0.0,45600.0,1,0.6707000732421875,4.0,0.2,2000000.0,40,1952000,2026-05-04 00:00:00,OPEN
2026-05-04 00:00:00,467500,473500,450000,458500,44302,0.0010917030567685,357780,솔브레인,20312467000,23.734500672468894,0.0010917030567685,-0.0223880597014924,0.2177954847277556,472800.0,437075.0,425241.6666666667,-0.0302453468697123,0.0490190470743008,0.0782104293636951,0.0332552058832033,0.371578947368421,42886.2,1.0330129505528585,0.0512540894220283,-0.0192513368983957,459500.0,466000.0,1,0.659454345703125,5.0,0.2,2000000.0,4,1834000,2026-05-04 00:00:00,OPEN
2026-05-06 00:00:00,130900,130900,126800,127600,573991,-0.0369811320754717,298380,에이비엘바이오,73241251600,25.01702464564276,-0.0369811320754717,-0.2611464968152867,-0.1735751295336787,135260.0,152590.0,172103.33333333334,-0.0566316723347626,-0.163772200013107,-0.2585849586488737,0.0551413559974728,0.0968721455079133,585751.25,0.979922791457978,0.0321316614420062,-0.0252100840336134,126000.0,126400.0,1,0.8456593155860901,1.0,0.2,2000000.0,15,1914000,2026-05-06 00:00:00,OPEN
2026-05-06 00:00:00,18470,19280,17700,18270,43365684,0.0322033898305085,10170,대한광통신,792291046680,27.39819464443851,0.0322033898305085,0.1404494382022472,0.3443708609271523,16256.0,16039.5,9458.083333333334,0.1238927165354331,0.1390629383708967,0.9316810135950728,0.1135424483936567,-0.482004890040385,42939680.4,1.0099209774276756,0.0864805692391899,-0.0108283703302652,19130.0,21800.0,1,0.7002077102661133,2.0,0.2,2000000.0,109,1991430,2026-05-06 00:00:00,OPEN
2026-05-06 00:00:00,50100,53300,44050,45350,640600,-0.0247311827956989,14620,성광벤드,29051210000,24.0923259717349,-0.0247311827956989,-0.0610766045548654,0.1253101736972703,46650.0,41837.5,37120.833333333336,-0.0278670953912111,0.0839557812966835,0.221685935570771,0.0482175817319528,2.181493106599388,396230.45,1.6167359171916242,0.2039691289966924,-0.0948103792415169,45550.0,46950.0,1,0.6899635195732117,3.0,0.2,2000000.0,44,1995400,2026-05-06 00:00:00,OPEN
2026-05-06 00:00:00,129400,129400,123500,127600,942151,0.0078988941548183,36930,주성엔지니어링,120218467600,25.51257648785333,0.0078988941548183,0.0126984126984126,1.0918032786885248,127320.0,96470.0,72265.83333333333,0.0021991831605403,0.3226909920182439,0.7657030177931019,0.0989898951978007,0.2391881067530188,2595916.7,0.3629357598416004,0.0462382445141065,-0.0139103554868624,127700.0,135100.0,1,0.6453074812889099,4.0,0.2,2000000.0,15,1914000,2026-05-06 00:00:00,OPEN
2026-05-06 00:00:00,16370,17350,15540,17190,3115662,0.0657160570365777,33790,피노,53558229780,24.704035306084272,0.0657160570365777,0.2122708039492242,0.6640851887705712,15098.0,11810.0,8051.083333333333,0.1385613988607763,0.4555461473327689,1.135116392203948,0.0696064649327177,-0.1222003718938412,3892836.35,0.8003578162231249,0.1052937754508435,0.0500916310323763,17310.0,17480.0,1,0.6258807182312012,5.0,0.2,2000000.0,116,1994040,2026-05-06 00:00:00,OPEN
2026-05-07 00:00:00,44100,44400,43050,43150,171116,-0.0346756152125279,348370,엔켐,7383655400,22.722534664721017,-0.0346756152125279,-0.0934873949579832,0.224113475177305,44880.0,43755.0,53989.16666666666,-0.0385472370766488,-0.0138269912010056,-0.2007655856884869,0.0591338108651455,-0.3158780609695152,461184.25,0.3710360880710909,0.0312862108922363,-0.0215419501133786,0.0,42600.0,1,0.7092534899711609,1.0,0.2,2000000.0,46,1984900,2026-05-07 00:00:00,OPEN
2026-05-07 00:00:00,51600,51600,48000,48900,120696,-0.0151057401812688,94170,동운아나텍,5902034400,22.498562942152308,-0.0151057401812688,0.0219435736677116,0.7977941176470589,49220.0,40747.5,32886.666666666664,-0.0065014221861031,0.2000736241487208,0.4869247922156903,0.0492122059681496,-0.5746711256611845,248383.3,0.4859263887709037,0.0736196319018405,-0.0523255813953488,48700.0,51100.0,1,0.7004521489143372,2.0,0.2,2000000.0,40,1956000,2026-05-07 00:00:00,OPEN
2026-05-07 00:00:00,15570,15660,15080,15200,3611965,-0.0237636480411046,27360,아주IB투자,54901868000,24.72881321040217,-0.0237636480411046,-0.1871657754010695,0.761297798377752,15562.0,13369.0,8703.25,-0.0232617915435033,0.1369586356496372,0.7464740183264873,0.1098801598591366,-0.6230402495055225,17926889.8,0.2014830815772627,0.0381578947368421,-0.0237636480411046,15200.0,15750.0,1,0.6782074570655823,3.0,0.2,2000000.0,131,1991200,2026-05-07 00:00:00,OPEN
2026-05-07 00:00:00,15680,16050,14970,15050,2679591,-0.037108125399872,38500,삼표시멘트,40327844550,24.42030799910217,-0.037108125399872,-0.0704138357010499,0.0379310344827585,16160.0,16372.0,16146.833333333334,-0.0686881188118812,-0.0807476178841924,-0.0679286960291492,0.053603805652054,-0.0049492762314796,4576334.45,0.5855321610071571,0.0717607973421926,-0.0401785714285714,15050.0,15090.0,1,0.6709609031677246,4.0,0.2,2000000.0,132,1986600,2026-05-07 00:00:00,OPEN
2026-05-07 00:00:00,62300,62300,58600,59500,1030067,-0.0418679549114331,89030,테크윙,61288986500,24.83886599818398,-0.0418679549114331,-0.0132669983416252,0.2632696390658173,59920.0,57160.0,53970.0,-0.0070093457943924,0.0409377186843946,0.1024643320363165,0.0435485690381027,-0.3955576967199695,1585620.8,0.6496301007151268,0.0621848739495798,-0.0449438202247191,0.0,59300.0,1,0.670393705368042,5.0,0.2,2000000.0,33,1963500,2026-05-07 00:00:00,OPEN
2026-05-08 00:00:00,475000,475500,443000,461000,61836,-0.0315126050420168,357780,솔브레인,28506396000,24.07339432013009,-0.0315126050420168,-0.0375782881002088,0.1189320388349515,463900.0,449275.0,427400.0,-0.0062513472731191,0.0260976016916143,0.0786148806738418,0.0281165793148935,0.0476061396672653,46266.9,1.3365062279945277,0.0704989154013015,-0.0294736842105263,456500.0,466500.0,1,0.7060260772705078,1.0,0.2,2000000.0,4,1844000,2026-05-08 00:00:00,OPEN
2026-05-08 00:00:00,34450,39600,33450,37950,18978003,0.2241935483870967,319400,현대무벡스,720215213850,27.30281591241877,0.2241935483870967,0.1933962264150943,0.2996575342465752,32980.0,31307.5,29951.666666666668,0.1506973923590053,0.2121696079214245,0.2670413443881809,0.0548050385957551,20.439880113830856,2916090.05,6.508030504750702,0.1620553359683794,0.1015965166908563,38100.0,38700.0,1,0.65708988904953,2.0,0.2,2000000.0,52,1973400,2026-05-08 00:00:00,OPEN
2026-05-08 00:00:00,715000,808000,711000,784000,708980,0.1248206599713055,277810,레인보우로보틱스,555840320000,27.043746895706025,0.1248206599713055,0.1807228915662651,0.2937293729372936,706400.0,637450.0,666950.0,0.1098527746319366,0.22990038434387,0.1755004123247618,0.0373039512499942,2.5449531742976146,173317.6,4.090640535063952,0.1237244897959183,0.0965034965034965,0.0,865000.0,1,0.646981954574585,3.0,0.2,2000000.0,2,1568000,2026-05-08 00:00:00,OPEN
2026-05-08 00:00:00,100700,104900,100200,102600,81176,-0.0228571428571429,420770,기가비스,8328657600,22.8429681277978,-0.0228571428571429,-0.0595783684692942,0.2604422604422605,104880.0,95550.0,79450.0,-0.0217391304347825,0.0737833594976451,0.2913782252989301,0.0394520394460789,-0.1058631742430084,141880.7,0.5721426522423416,0.0458089668615984,0.0188679245283018,103400.0,106700.0,1,0.6418618559837341,4.0,0.2,2000000.0,19,1949400,2026-05-08 00:00:00,OPEN
2026-05-08 00:00:00,259000,265500,253000,257000,112128,-0.0019417475728155,87010,펩트론,28816896000,24.084227718768062,-0.0019417475728155,-0.0481481481481481,-0.0950704225352112,262400.0,264625.0,278558.3333333333,-0.0205792682926829,-0.028814359943316,-0.0773925269991323,0.032541370720972,-0.2585794199716995,124803.2,0.8984385015768827,0.0486381322957198,-0.0077220077220077,265500.0,276500.0,1,0.6157516837120056,5.0,0.2,2000000.0,7,1799000,2026-05-08 00:00:00,OPEN
2026-05-11 00:00:00,130000,131000,126900,127700,442347,-0.0184473481936972,298380,에이비엘바이오,56487711900,24.75728896296688,-0.0184473481936972,-0.0526706231454006,-0.179305912596401,128860.0,148410.0,169235.0,-0.0090020176936209,-0.1395458527053432,-0.2454279552102106,0.0551180846706763,-0.0220615219996197,589668.95,0.7501615949084652,0.0321064996084573,-0.0176923076923076,126500.0,130000.0,1,0.7044053673744202,1.0,0.2,2000000.0,15,1915500,2026-05-11 00:00:00,OPEN
2026-05-11 00:00:00,20850,21100,19720,20100,458074,-0.0607476635514018,82270,젬백스,9207287400,22.943261116253144,-0.0607476635514018,-0.1554621848739495,-0.2769784172661871,21700.0,24432.5,33658.333333333336,-0.0737327188940092,-0.1773252839455643,-0.4028224808120823,0.0303680540906574,1.1830824147281835,272822.9,1.6790159477082018,0.0686567164179104,-0.0359712230215827,19740.0,20300.0,1,0.6743105053901672,2.0,0.2,2000000.0,99,1989900,2026-05-11 00:00:00,OPEN
2026-05-11 00:00:00,23400,28600,23050,27950,84453985,0.2505592841163311,10170,대한광통신,2360488880750,28.48988986637347,0.2505592841163311,0.8448844884488449,0.971086036671368,21614.0,17569.0,10498.25,0.2931433330248914,0.5908702828846264,1.6623484866525375,0.1230320252180314,0.2157116573387092,48257613.05,1.7500655267076042,0.1985688729874776,0.1944444444444444,30000.0,29100.0,0,0.6527886390686035,3.0,0.2,2000000.0,71,1984450,2026-05-11 00:00:00,OPEN
2026-05-11 00:00:00,154100,154300,145900,146400,1506499,-0.0554838709677419,86520,에코프로,220551453600,26.119396854275912,-0.0554838709677419,-0.0425114453891432,-0.0167897918065815,155940.0,154555.0,155235.0,-0.061177375913813,-0.0527643880819126,-0.0569137114697072,0.02960915329124,0.0943852514690488,1360932.2,1.1069610962250729,0.0573770491803278,-0.0499675535366645,147600.0,139700.0,0,0.652555525302887,4.0,0.2,2000000.0,13,1903200,2026-05-11 00:00:00,OPEN
2026-05-11 00:00:00,337000,337000,323000,325000,407754,-0.0455212922173274,196170,알테오젠,132520050000,25.60999979168712,-0.0455212922173274,-0.1180461329715061,-0.1216216216216216,351700.0,363275.0,369016.6666666667,-0.0759169746943417,-0.1053609524464936,-0.1192809719524864,0.0258401849834779,-0.1985006064013177,287274.0,1.4193905470039057,0.043076923076923,-0.0356083086053412,323500.0,342000.0,1,0.6396849155426025,5.0,0.2,2000000.0,6,1950000,2026-05-11 00:00:00,OPEN
2026-05-12 00:00:00,180200,180200,147300,161800,239816,-0.0614849187935034,189300,인텔리안테크,38802228800,24.381743525250577,-0.0614849187935034,0.1394366197183099,0.4131004366812227,160200.0,140910.0,128796.66666666669,0.0099875156054931,0.1482506564473777,0.2562436916069255,0.0513241425547304,0.3235389888130335,172689.3,1.3887137188001806,0.2033374536464771,-0.102108768035516,168000.0,170600.0,1,0.8360965847969055,1.0,0.2,2000000.0,12,1941600,2026-05-12 00:00:00,OPEN
2026-05-12 00:00:00,501000,508000,428000,428000,228348,-0.1457085828343313,39030,이오테크닉스,97732944000,25.305504534664173,-0.1457085828343313,-0.0989473684210526,-0.044642857142857,470000.0,482000.0,431591.6666666667,-0.0893617021276595,-0.1120331950207469,-0.0083219092120252,0.0497333414606198,0.8281002321671604,101859.0,2.241804847877949,0.1869158878504672,-0.1457085828343313,428000.0,479500.0,1,0.8221917748451233,2.0,0.2,2000000.0,4,1712000,2026-05-12 00:00:00,OPEN
2026-05-12 00:00:00,378500,389500,320000,345000,815608,-0.086092715231788,108490,로보티즈,281384760000,26.36298882238115,-0.086092715231788,0.1004784688995215,0.4052953156822811,333800.0,300075.0,272150.0,0.0335530257639304,0.1497125718570358,0.2676832629064853,0.0697425462024425,-0.1902175747671253,411519.95,1.981940365224092,0.2014492753623188,-0.0885072655217965,347500.0,355500.0,1,0.807937502861023,3.0,0.2,2000000.0,5,1725000,2026-05-12 00:00:00,OPEN
2026-05-12 00:00:00,165900,174900,133800,156000,1501914,-0.0476190476190476,36930,주성엔지니어링,234298584000,26.179862138912235,-0.0476190476190476,0.2322274881516588,1.4605678233438484,144280.0,113375.0,78977.5,0.0812309398392014,0.3759647188533628,0.9752461143996708,0.0999623996449898,-0.2625370962134856,2673360.7,0.5618074657864163,0.2634615384615384,-0.0596745027124773,145000.0,168000.0,1,0.8051442503929138,4.0,0.2,2000000.0,12,1872000,2026-05-12 00:00:00,OPEN
2026-05-12 00:00:00,157000,164500,118500,144800,562624,-0.0753512132822478,131970,두산테스나,81467955200,25.12347559215688,-0.0753512132822478,0.0961392884178653,0.6417233560090703,144160.0,122770.0,94193.33333333331,0.0044395116537181,0.1794412315712308,0.5372637837072689,0.0592640460833174,0.4485983233434263,436793.9,1.288076596307778,0.3176795580110497,-0.0777070063694267,140700.0,182000.0,1,0.7854084372520447,5.0,0.2,2000000.0,13,1882400,2026-05-12 00:00:00,OPEN
2026-05-13 00:00:00,41900,42400,40300,40650,1084401,-0.0251798561151078,257720,실리콘투,44080900650,24.509292433773805,-0.0251798561151078,-0.0644418872266973,-0.1332622601279317,43290.0,45517.5,41834.16666666666,-0.0609840609840609,-0.1069368924040203,-0.0283062090396605,0.0259298727078614,-0.5241774583008447,840408.45,1.2903261503379695,0.051660516605166,-0.0298329355608591,41000.0,41150.0,1,0.6313815116882324,1.0,0.3,3000000.0,73,2967450,2026-05-13 00:00:00,OPEN
2026-05-13 00:00:00,67200,68000,63300,66000,1577585,-0.044862518089725,178320,서진시스템,104120610000,25.36881577568988,-0.044862518089725,0.1092436974789916,0.3836477987421383,67360.0,57112.5,48012.5,-0.020190023752969,0.1556139198949442,0.3746420203072116,0.0511997817480218,-0.2672231599815318,3257355.45,0.4843146608393627,0.0712121212121212,-0.0178571428571428,66000.0,66700.0,1,0.6312751770019531,2.0,0.3,3000000.0,45,2970000,2026-05-13 00:00:00,OPEN
2026-05-13 00:00:00,83500,85800,76100,76600,221440,-0.070388349514563,475830,오름테라퓨틱,16962304000,23.55425930719908,-0.070388349514563,-0.1393258426966291,-0.1061843640606767,81600.0,85725.0,101870.0,-0.0612745098039215,-0.1064450277048701,-0.2480612545401,0.0355788314296198,0.2462714287322294,180276.15,1.2283377473947608,0.1266318537859007,-0.0826347305389221,76700.0,80000.0,1,0.6292324066162109,3.0,0.3,3000000.0,39,2987400,2026-05-13 00:00:00,OPEN
2026-05-14 00:00:00,57000,76500,55000,75600,10921653,0.2835314091680814,80220,제주반도체,825676966800,27.43946945262041,0.2835314091680814,0.3720508166969147,0.8129496402877698,60100.0,52785.0,45986.66666666666,0.2579034941763727,0.4322250639386189,0.6439547694984054,0.0824143285061032,2.01698954434331,4784528.45,2.282702070671144,0.2843915343915344,0.3263157894736842,76000.0,82300.0,1,0.7296686768531799,1.0,0.3,3000000.0,39,2948400,2026-05-14 00:00:00,OPEN
2026-05-14 00:00:00,79500,84900,77800,80800,706545,0.0845637583892617,90360,로보스타,57088836000,24.767874417872545,0.0845637583892617,0.1812865497076023,0.3224222585924714,73340.0,68925.0,67028.33333333333,0.1017180256340333,0.1722887196227784,0.2054603774523211,0.0321059698364279,0.5232876771396355,158884.25,4.446916544591424,0.0878712871287128,0.0163522012578616,88000.0,88800.0,1,0.6399638652801514,2.0,0.3,3000000.0,37,2989600,2026-05-14 00:00:00,OPEN
2026-05-14 00:00:00,15690,16730,13770,15100,3347433,-0.0156453715775749,33790,피노,50546238300,24.646154364233443,-0.0156453715775749,-0.1361556064073226,0.6629955947136563,16028.0,13721.5,9083.416666666666,-0.0578986773146993,0.1004627773931421,0.662370069999358,0.0701602254478863,0.4589343703923882,3250449.45,1.029836966084798,0.1960264900662251,-0.0376035691523263,15000.0,14850.0,0,0.6288505792617798,3.0,0.3,3000000.0,198,2989800,2026-05-14 00:00:00,OPEN
2026-05-15 00:00:00,143100,143100,117400,117400,214729,-0.1914600550964187,84370,유진테크,25209184600,23.950474233355006,-0.1914600550964187,-0.2099596231493943,-0.0892164468580294,135920.0,136145.0,129800.0,-0.1362566215420836,-0.1376840868192,-0.0955315870570108,0.0635185109106522,0.1858697873233448,246874.8,0.8697890590696176,0.2189097103918228,-0.1795946890286513,115000.0,115900.0,1,0.9567527174949646,1.0,0.2,2000000.0,17,1995800,2026-05-15 00:00:00,OPEN
2026-05-15 00:00:00,16980,17670,15000,15410,1554967,-0.0924617196702002,92190,서울바이오시스,23962041470,23.899736809861228,-0.0924617196702002,0.1322556943423953,2.669047619047619,14622.0,9078.5,5472.666666666667,0.053891396525783,0.6974169741697418,1.8158119137531976,0.1345278702126044,-0.7204911981619255,2345244.95,0.6630296762817888,0.1732641142115509,-0.0924617196702002,13900.0,17570.0,1,0.9096418619155884,2.0,0.2,2000000.0,129,1987890,2026-05-15 00:00:00,OPEN
2026-05-15 00:00:00,16330,17000,13900,14310,5866679,-0.0999999999999999,27360,아주IB투자,83952176490,25.1535131461732,-0.0999999999999999,-0.0914285714285714,0.1826446280991736,16074.0,15259.5,9822.916666666666,-0.1097424412094064,-0.062223532881156,0.4567974549310711,0.0976190126627959,-0.5576519541513246,17451537.2,0.3361697558654031,0.2166317260656883,-0.12369871402327,15830.0,17010.0,1,0.832882285118103,3.0,0.2,2000000.0,139,1989090,2026-05-15 00:00:00,OPEN
2026-05-15 00:00:00,24750,24950,21950,23000,14515401,-0.0707070707070707,10170,대한광통신,333854223000,26.53397027656672,-0.0707070707070707,0.0290827740492169,0.1616161616161615,25910.0,18769.5,11973.5,-0.1123118487070629,0.2253922587176002,0.920908673320249,0.1188842562970591,-0.5155021672125892,44783423.9,0.3241244133635794,0.1304347826086956,-0.0707070707070707,21600.0,23100.0,1,0.8248476386070251,4.0,0.2,2000000.0,86,1978000,2026-05-15 00:00:00,OPEN
2026-05-15 00:00:00,60600,63400,52900,54900,2405976,-0.0834724540901502,100790,미래에셋벤처투자,132088082400,25.606734827909857,-0.0834724540901502,-0.0452173913043478,0.3881163084702907,58760.0,55032.5,35109.166666666664,-0.0656909462219196,-0.0024076681960659,0.5636941919251859,0.0807691892824508,-0.6827225681846684,5082709.3,0.4733648646795519,0.1912568306010929,-0.094059405940594,60600.0,67400.0,1,0.7877460718154907,5.0,0.2,2000000.0,36,1976400,2026-05-15 00:00:00,OPEN
2026-05-18 00:00:00,97700,97700,85600,85700,124408,-0.1228249744114636,214370,케어젠,10661765600,23.08992987058084,-0.1228249744114636,-0.1539980256663375,-0.1352169525731584,96580.0,100875.0,108095.0,-0.1126527231310829,-0.1504337050805452,-0.2071788704380406,0.0515380658757469,0.2462235044276155,117131.9,1.0621188591664612,0.1411901983663944,-0.1228249744114636,87700.0,91900.0,1,0.9288312196731568,1.0,0.2,2000000.0,23,1971100,2026-05-18 00:00:00,OPEN
2026-05-18 00:00:00,45800,46600,39050,40750,493659,-0.1366525423728813,39200,오스코텍,20116604250,23.724811393132686,-0.1366525423728813,-0.1457023060796646,-0.2800353356890459,46570.0,50442.5,52006.66666666666,-0.1249731586858492,-0.1921494771274223,-0.2164466094090501,0.0441759057525196,0.0440650220800975,258399.2,1.9104509611484863,0.1852760736196319,-0.1102620087336244,40850.0,41000.0,1,0.8707058429718018,2.0,0.2,2000000.0,49,1996750,2026-05-18 00:00:00,OPEN
2026-05-18 00:00:00,62400,63600,57600,59900,260875,-0.1268221574344022,376900,로킷헬스케어,15626412500,23.47222842854704,-0.1268221574344022,-0.2180156657963446,-0.4195736434108527,68220.0,79720.0,92500.0,-0.1219583699794781,-0.2486201705970898,-0.3524324324324324,0.0551309183929853,0.5907885188821338,280694.95,0.9293897164875962,0.1001669449081803,-0.0400641025641025,58500.0,60400.0,1,0.8513604998588562,3.0,0.2,2000000.0,33,1976700,2026-05-18 00:00:00,OPEN
2026-05-18 00:00:00,187100,187100,156500,162000,820607,-0.1536050156739812,141080,리가켐바이오,132938334000,25.613151203519536,-0.1536050156739812,-0.1205211726384365,-0.1818181818181817,190100.0,191575.0,190771.66666666663,-0.1478169384534455,-0.1543781808691112,-0.1508172946716406,0.051490429450201,0.9618229545193742,417871.1,1.96378021834963,0.1888888888888888,-0.134152859433458,159200.0,150300.0,0,0.7584917545318604,4.0,0.2,2000000.0,12,1944000,2026-05-18 00:00:00,OPEN
2026-05-18 00:00:00,164200,167300,135400,148300,336866,-0.1109112709832134,226950,올릭스,49957227800,24.63443303229356,-0.1109112709832134,-0.1296948356807511,-0.1882868089764641,159800.0,170950.0,173923.33333333334,-0.071964956195244,-0.1324948815443112,-0.1473254499108803,0.0479596468659263,-0.2838793887807076,278311.6,1.2103915179963751,0.215104517869184,-0.0968331303288672,147000.0,151200.0,1,0.684117317199707,5.0,0.2,2000000.0,13,1927900,2026-05-18 00:00:00,OPEN
2026-05-19 00:00:00,23100,23700,21300,21550,7256526,-0.0670995670995671,10170,대한광통신,156378135300,25.77554285541898,-0.0670995670995671,-0.2594501718213058,0.383183568677792,23430.0,19472.0,12600.583333333334,-0.0802390098164745,0.1067173377156942,0.7102382826191909,0.1047260522327149,-0.7023158606722613,40366362.5,0.1797666559626223,0.111368909512761,-0.0670995670995671,21300.0,22900.0,1,0.8271138668060303,1.0,0.2,2000000.0,92,1982600,2026-05-19 00:00:00,OPEN
2026-05-19 00:00:00,147000,152800,142900,145000,124328,-0.0390987408880053,183300,코미코,18027560000,23.61516753505363,-0.0390987408880053,0.0076441973592773,-0.0639122014202711,163600.0,151735.0,127651.66666666669,-0.1136919315403423,-0.0443865950505816,0.1359036962567403,0.0778555244582465,-0.1304518114421597,155771.75,0.7981421535034433,0.0682758620689655,-0.0136054421768707,144200.0,146900.0,1,0.7575663328170776,2.0,0.2,2000000.0,13,1885000,2026-05-19 00:00:00,OPEN
2026-05-19 00:00:00,87700,92900,82900,91900,127177,0.072345390898483,214370,케어젠,11687566300,23.18179140435796,0.072345390898483,-0.0855721393034826,-0.0927936821322803,94860.0,100405.0,107206.66666666669,-0.0312038794012228,-0.0847069369055325,-0.1427771904732293,0.0541358271023179,0.0222574110989646,119066.8,1.0681147053586726,0.1088139281828074,0.0478905359179019,92000.0,93200.0,1,0.7068965435028076,3.0,0.2,2000000.0,21,1929900,2026-05-19 00:00:00,OPEN
2026-05-19 00:00:00,191300,199300,168500,176900,4812446,-0.0290889132821076,36930,주성엔지니어링,851321697400,27.47005591688505,-0.0290889132821076,0.1339743589743589,1.5127840909090908,167060.0,138130.0,88673.33333333333,0.0589009936549742,0.2806776225295011,0.9949627847530262,0.1241750746496136,0.0941363410351543,3052406.8,1.576607023677185,0.1741096664782362,-0.0752744380554103,176900.0,178500.0,1,0.6679821610450745,4.0,0.2,2000000.0,11,1945900,2026-05-19 00:00:00,OPEN
2026-05-19 00:00:00,67000,70800,58000,62900,405977,-0.0722713864306784,475830,오름테라퓨틱,25535953300,23.96335322946057,-0.0722713864306784,-0.2366504854368931,-0.2677532013969732,72660.0,82575.0,98870.0,-0.1343242499311863,-0.2382682409930366,-0.3638110650348943,0.0454882064085467,0.2957181429966615,194661.1,2.085557926057132,0.2034976152623211,-0.0611940298507462,61000.0,66800.0,1,0.6499950885772705,5.0,0.2,2000000.0,31,1949900,2026-05-19 00:00:00,OPEN
2026-05-20 00:00:00,663000,671000,615000,638000,188650,-0.042042042042042,277810,레인보우로보틱스,120358700000,25.51374228772769,-0.042042042042042,-0.2733485193621867,0.0493421052631579,740200.0,712050.0,680950.0,-0.1380707916779249,-0.1039955059335721,-0.0630736471106542,0.0564189220322994,-0.1363365838025911,268628.75,0.7022703266124717,0.0877742946708464,-0.0377073906485671,686000.0,743000.0,1,0.8407214879989624,1.0,0.2,2000000.0,3,1914000,2026-05-20 00:00:00,OPEN
2026-05-20 00:00:00,107500,108900,92900,94200,424148,-0.1837088388214904,295310,에이치브이엠,39954741600,24.41101319050127,-0.1837088388214904,-0.01875,0.0064102564102563,105560.0,94445.0,90795.0,-0.1076165214096248,-0.002594102387633,0.0375020650916899,0.095307907404111,-0.3793107485183288,343592.3,1.2344514123279249,0.1698513800424628,-0.1237209302325581,98700.0,110900.0,1,0.8368180394172668,2.0,0.2,2000000.0,21,1978200,2026-05-20 00:00:00,OPEN
2026-05-20 00:00:00,77600,78300,73300,74900,108344,-0.0458598726114649,171090,선익시스템,8114965600,22.816975798963743,-0.0458598726114649,-0.1631284916201117,-0.2576808721506441,84020.0,97370.0,101146.66666666669,-0.1085455843846703,-0.2307692307692307,-0.2594911679409438,0.0621045171697033,-0.0836864317188068,208942.0,0.5185362445080453,0.0667556742323097,-0.0347938144329896,78300.0,81000.0,1,0.7990719676017761,3.0,0.2,2000000.0,26,1947400,2026-05-20 00:00:00,OPEN
2026-05-20 00:00:00,58800,59800,54000,55700,321859,-0.0685618729096989,348340,뉴로메카,17927546300,23.60960426639791,-0.0685618729096989,-0.2690288713910761,-0.1796759941089838,64260.0,66940.0,67298.33333333333,-0.133208839091192,-0.1679115625933671,-0.1723420589910597,0.0522972038936622,0.1265470556940049,712923.25,0.4514637445194837,0.104129263913824,-0.0527210884353741,58400.0,66300.0,1,0.7921265959739685,4.0,0.2,2000000.0,35,1949500,2026-05-20 00:00:00,OPEN
2026-05-20 00:00:00,12600,12610,10080,10520,3743801,-0.0427661510464058,48410,현대바이오,39384786520,24.396645449774702,-0.0427661510464058,-0.1369975389663659,-0.2944332662642521,11162.0,13131.5,14295.166666666666,-0.0575165740906647,-0.1988729391158664,-0.2640869291485467,0.0497826335000715,0.3433572583721189,2120606.5,1.765438802531257,0.2404942965779467,-0.165079365079365,10600.0,11210.0,1,0.7664498090744019,5.0,0.2,2000000.0,190,1998800,2026-05-20 00:00:00,OPEN
2026-05-21 00:00:00,278000,307000,268500,303500,285797,0.1740812379110252,108490,로보티즈,86739389500,25.186173937065085,0.1740812379110252,-0.1099706744868035,0.0574912891986063,294100.0,315225.0,275775.0,0.0319619177150629,-0.0371956538980093,0.100534856314024,0.0863135213183234,0.1163247609524404,453483.95,0.6302251711444252,0.1268533772652388,0.0917266187050359,304000.0,304500.0,1,0.8584502339363098,1.0,0.2,2000000.0,6,1821000,2026-05-21 00:00:00,OPEN
2026-05-21 00:00:00,144700,148300,139300,139500,319711,0.0094066570188133,141080,리가켐바이오,44599684500,24.5209926219788,0.0094066570188133,-0.2879019908116386,-0.2812982998454405,156280.0,183400.0,189050.0,-0.1073713846941387,-0.2393675027262813,-0.2620999735519703,0.0553386693320542,-0.3132986092466305,461156.95,0.6932802378886407,0.064516129032258,-0.0359364201796821,145200.0,157400.0,1,0.8528189063072205,2.0,0.2,2000000.0,14,1953000,2026-05-21 00:00:00,OPEN
2026-05-21 00:00:00,105700,129800,105300,125900,533920,0.2379547689282202,58610,에스피지,67220528000,24.93124451403252,0.2379547689282202,-0.0367253251721499,0.0779109589041096,117260.0,125885.0,121591.66666666669,0.0736824151458297,0.0001191563728799,0.0354328010417379,0.0750209988771121,0.4752798339923352,561394.95,0.9510594991992716,0.1945988880063542,0.1911069063386944,126400.0,128500.0,1,0.8435458540916443,3.0,0.2,2000000.0,15,1888500,2026-05-21 00:00:00,OPEN
2026-05-21 00:00:00,21050,23200,20800,22500,2508186,0.1194029850746267,417200,LS머트리얼즈,56434185000,24.75634092887469,0.1194029850746267,-0.0546218487394958,-0.0109890109890109,21500.0,25625.0,21798.5,0.0465116279069768,-0.1219512195121951,0.032181113379361,0.0654971851864928,0.9236753279324096,4726224.9,0.5306954393981547,0.1066666666666666,0.0688836104513064,23100.0,23650.0,1,0.7849253416061401,4.0,0.2,2000000.0,88,1980000,2026-05-21 00:00:00,OPEN
2026-05-21 00:00:00,114600,118900,114200,115100,72779,0.0406871609403254,388210,씨엠티엑스,8376862900,22.848739325862635,0.0406871609403254,-0.1345864661654136,-0.2357237715803453,117300.0,134100.0,137815.0,-0.0187553282182437,-0.1416853094705443,-0.1648224068497623,0.0318321740408645,-0.6950566486776388,119337.8,0.6098570612161444,0.0408340573414422,0.0043630017452006,117100.0,122600.0,1,0.7771144509315491,5.0,0.2,2000000.0,17,1956700,2026-05-21 00:00:00,OPEN
2026-05-21 00:00:00,278000,307000,268500,303500,285797,0.1740812379110252,108490,로보티즈,86739389500,25.186173937065085,0.1740812379110252,-0.1099706744868035,0.0574912891986063,294100.0,315225.0,275775.0,0.0319619177150629,-0.0371956538980093,0.100534856314024,0.0863135213183234,0.1163247609524404,453483.95,0.6302251711444252,0.1268533772652388,0.0917266187050359,304000.0,304500.0,1,0.8584502339363098,1.0,0.2,2000000.0,6,1821000,2026-05-21 00:00:00,OPEN
2026-05-21 00:00:00,144700,148300,139300,139500,319711,0.0094066570188133,141080,리가켐바이오,44599684500,24.5209926219788,0.0094066570188133,-0.2879019908116386,-0.2812982998454405,156280.0,183400.0,189050.0,-0.1073713846941387,-0.2393675027262813,-0.2620999735519703,0.0553386693320542,-0.3132986092466305,461156.95,0.6932802378886407,0.064516129032258,-0.0359364201796821,145200.0,157400.0,1,0.8528189063072205,2.0,0.2,2000000.0,14,1953000,2026-05-21 00:00:00,OPEN
2026-05-21 00:00:00,105700,129800,105300,125900,533920,0.2379547689282202,58610,에스피지,67220528000,24.93124451403252,0.2379547689282202,-0.0367253251721499,0.0779109589041096,117260.0,125885.0,121591.66666666669,0.0736824151458297,0.0001191563728799,0.0354328010417379,0.0750209988771121,0.4752798339923352,561394.95,0.9510594991992716,0.1945988880063542,0.1911069063386944,126400.0,128500.0,1,0.8435458540916443,3.0,0.2,2000000.0,15,1888500,2026-05-21 00:00:00,OPEN
2026-05-21 00:00:00,21050,23200,20800,22500,2508186,0.1194029850746267,417200,LS머트리얼즈,56434185000,24.75634092887469,0.1194029850746267,-0.0546218487394958,-0.0109890109890109,21500.0,25625.0,21798.5,0.0465116279069768,-0.1219512195121951,0.032181113379361,0.0654971851864928,0.9236753279324096,4726224.9,0.5306954393981547,0.1066666666666666,0.0688836104513064,23100.0,23650.0,1,0.7849253416061401,4.0,0.2,2000000.0,88,1980000,2026-05-21 00:00:00,OPEN
2026-05-21 00:00:00,114600,118900,114200,115100,72779,0.0406871609403254,388210,씨엠티엑스,8376862900,22.848739325862635,0.0406871609403254,-0.1345864661654136,-0.2357237715803453,117300.0,134100.0,137815.0,-0.0187553282182437,-0.1416853094705443,-0.1648224068497623,0.0318321740408645,-0.6950566486776388,119337.8,0.6098570612161444,0.0408340573414422,0.0043630017452006,117100.0,122600.0,1,0.7771144509315491,5.0,0.2,2000000.0,17,1956700,2026-05-21 00:00:00,OPEN
2026-05-22 00:00:00,15050,16200,14460,15590,2132865,0.0540906017579445,031330,에스에이엠티,33251365350,24.22736166639317,0.0540906017579445,0.0902097902097902,1.2496392496392494,15778.0,10345.5,7102.5,-0.0119153251362656,0.5069353825334686,1.1950017599436815,0.1078209077284315,-0.5815300840642141,2359421.15,0.9039780795387038,0.1116100064143681,0.0358803986710963,16190.0,18170.0,1,0.8034490942955017,1.0,0.2,2000000.0,128,1995520,2026-05-22 00:00:00,OPEN
2026-05-22 00:00:00,135000,162800,135000,156800,808299,0.1833962264150943,078600,대주전자재료,126741283200,25.565413705463087,0.1833962264150943,0.048829431438127,0.0791465932553336,145760.0,153565.0,130010.0,0.0757409440175631,0.0210659981115488,0.2060610722252134,0.0907141209906392,0.9215932864206924,477456.85,1.6929257586313822,0.1772959183673469,0.1614814814814814,157100.0,162100.0,1,0.7629715204238892,2.0,0.2,2000000.0,12,1881600,2026-05-22 00:00:00,OPEN
2026-05-22 00:00:00,13110,14500,12890,13930,2284526,0.2092013888888888,358570,지아이이노베이션,31823447180,24.18346918777216,0.2092013888888888,0.0925490196078431,-0.0419532324621733,11566.0,14170.0,14059.0,0.2043921839875497,-0.0169371912491178,-0.0091756170424639,0.072113689212963,1.980752218739969,815032.15,2.8029888146130184,0.1155778894472361,0.0625476735316552,14130.0,14140.0,1,0.7225083708763123,3.0,0.2,2000000.0,143,1991990,2026-05-22 00:00:00,OPEN
2026-05-22 00:00:00,35400,38000,34900,37100,276791,0.1008902077151334,0009K0,에임드바이오,10268946100,23.052390236439084,0.1008902077151334,-0.0559796437659032,-0.2131495227995757,35000.0,42672.5,50354.16666666666,0.06,-0.1305876149745152,-0.2632188663632602,0.0448147824532652,0.8016376689903861,218971.95,1.2640477467547784,0.0835579514824797,0.0480225988700565,39050.0,40050.0,1,0.6338846683502197,4.0,0.2,2000000.0,53,1966300,2026-05-22 00:00:00,OPEN
2026-05-22 00:00:00,85400,96300,84400,94900,225317,0.1716049382716049,171090,선익시스템,21382583300,23.7858425631675,0.1716049382716049,0.1009280742459397,-0.1675438596491227,82680.0,94565.0,100016.66666666669,0.1477987421383648,0.003542536879395,-0.0511581403099483,0.0656394797393914,1.3873890101506707,161674.8,1.3936432888737145,0.125395152792413,0.1112412177985948,94200.0,95900.0,1,0.623393714427948,5.0,0.2,2000000.0,21,1992900,2026-05-22 00:00:00,OPEN
2026-05-26 00:00:00,79000,79000,72400,73500,184135,0.0222531293463144,475830,오름테라퓨틱,13533922500,23.32846514849504,0.0222531293463144,0.084070796460177,-0.108009708737864,68120.0,79855.0,95391.66666666669,0.0789782736347621,-0.0795817419072068,-0.2294924434349611,0.0539372106729902,-0.035891931514739,203498.75,0.904845852861504,0.0897959183673469,-0.0696202531645569,70600.0,73500.0,1,0.7511909604072571,1.0,0.2,2000000.0,27,1984500,2026-05-26 00:00:00,OPEN
2026-05-26 00:00:00,55800,61400,54500,58900,262727,0.0968342644320296,376900,로킷헬스케어,15474620300,23.462467118931723,0.0968342644320296,-0.01669449081803,-0.3418994413407821,57100.0,70285.0,92178.33333333331,0.0315236427320491,-0.1619833534893647,-0.3610212088885673,0.0674911977451299,-0.244264247333479,287177.9,0.914858002652711,0.1171477079796264,0.0555555555555555,57000.0,59300.0,1,0.7448104619979858,2.0,0.2,2000000.0,33,1943700,2026-05-26 00:00:00,OPEN
2026-05-26 00:00:00,31000,32800,28500,31500,178100,0.0787671232876712,115180,큐리언트,5610150000,22.447843294269727,0.0787671232876712,0.1753731343283582,-0.1743119266055045,28230.0,32407.5,37001.66666666666,0.1158342189160468,-0.0280027771349224,-0.1486869960812575,0.0449382670407979,-0.2541345070628981,203753.7,0.8740945563197134,0.1365079365079365,0.0161290322580645,31000.0,31450.0,1,0.7352021336555481,3.0,0.2,2000000.0,63,1984500,2026-05-26 00:00:00,OPEN
2026-05-26 00:00:00,42300,44500,40000,42150,281553,0.0394574599260173,174900,앱클론,11867458950,23.197065949441274,0.0394574599260173,0.1643646408839778,-0.1544633901705115,38970.0,44040.0,56844.16666666666,0.0816012317167051,-0.0429155313351499,-0.2584991130722882,0.0447991923574681,-0.2956878696004562,358472.45,0.7854243750112456,0.1067615658362989,-0.0035460992907801,41150.0,42400.0,1,0.6861186027526855,4.0,0.2,2000000.0,47,1981050,2026-05-26 00:00:00,OPEN
2026-05-26 00:00:00,75300,78000,72200,76000,883930,0.0903873744619798,347850,디앤디파마텍,67178680000,24.930621772247434,0.0903873744619798,0.2238325281803543,-0.0464240903387703,65240.0,70925.0,75586.66666666667,0.1649294911097485,0.0715544589354952,0.0054683365672958,0.0518079801511285,0.503727293450783,457491.3,1.9321241737274568,0.0763157894736842,0.0092961487383798,72200.0,98800.0,1,0.6824887990951538,5.0,0.2,2000000.0,26,1976000,2026-05-26 00:00:00,OPEN
2026-05-27 00:00:00,124300,124800,104800,105100,3660112,-0.1160639192598822,080220,제주반도체,384677771200,26.675671862869883,-0.1160639192598822,0.0959332638164756,0.9462962962962962,111060.0,75810.0,53640.833333333336,-0.0536646857554474,0.3863606384382008,0.9593282480697228,0.0964795941381928,0.0978275377711603,5258897.15,0.6959847085049,0.1902949571836346,-0.1544650040225261,103500.0,109700.0,1,0.9020588397979736,1.0,0.2,2000000.0,19,1996900,2026-05-27 00:00:00,OPEN
2026-05-27 00:00:00,21800,21850,20300,20450,145842,-0.0619266055045871,032190,다우데이타,2982468900,21.81601728472356,-0.0619266055045871,-0.0261904761904762,-0.1461377870563674,21130.0,22590.0,23476.666666666668,-0.032181732134406,-0.0947321823815847,-0.1289223342325713,0.0363172460602922,0.2031877768886176,141547.7,1.0303381828175235,0.0757946210268948,-0.0619266055045871,20550.0,20650.0,1,0.7095476984977722,2.0,0.2,2000000.0,97,1983650,2026-05-27 00:00:00,OPEN
2026-05-27 00:00:00,161100,188500,157400,177200,649992,0.070048309178744,226950,올릭스,115178582400,25.469749651265573,0.070048309178744,0.1719576719576718,-0.0279758639605046,159800.0,166785.0,175355.0,0.1088861076345431,0.062445663578859,0.0105215135011833,0.0528449882458291,1.9019572826630475,311272.75,2.0881750811788056,0.1755079006772009,0.0999379267535692,180000.0,180100.0,1,0.6578150987625122,3.0,0.2,2000000.0,11,1949200,2026-05-27 00:00:00,OPEN
2026-05-27 00:00:00,11790,12080,10400,10750,3956051,-0.1049125728559533,033790,피노,42527548250,24.47341789703088,-0.1049125728559533,-0.1917293233082706,-0.1971620612397311,11848.0,14479.0,9996.916666666666,-0.0926738690074274,-0.2575454105946543,0.0753315605645075,0.0755176158378479,0.8615098739685598,3027153.1,1.3068552760017325,0.1562790697674418,-0.0882103477523324,11300.0,10890.0,0,0.6549633145332336,4.0,0.2,2000000.0,186,1999500,2026-05-27 00:00:00,OPEN
2026-05-27 00:00:00,72200,98800,66900,98800,3485551,0.3,347850,디앤디파마텍,344372438800,26.564989579587458,0.3,0.619672131147541,0.2078239608801955,72800.0,71775.0,75753.33333333333,0.3571428571428572,0.37652385928248,0.304233037050075,0.0849714962688127,2.943243243243243,601542.95,5.794351010181401,0.3228744939271255,0.3684210526315789,105000.0,107500.0,1,0.6519900560379028,5.0,0.2,2000000.0,20,1976000,2026-05-27 00:00:00,OPEN
2026-05-28 00:00:00,34600,34600,34600,34600,303336,0.298311444652908,486990,노타,10495425600,23.074205342136167,0.298311444652908,0.298311444652908,-0.046831955922865,29470.0,31632.5,34969.166666666664,0.174075330844927,0.0938117442503754,-0.0105569191907155,0.0810749510698567,0.6867930823555581,233065.35,1.3015062084518354,0.0,0.0,34300.0,38500.0,1,0.9048845171928406,1.0,0.2,2000000.0,57,1972200,2026-05-28 00:00:00,OPEN
2026-05-28 00:00:00,35250,35400,29850,31200,763324,-0.1260504201680672,032500,케이엠더블유,23815708800,23.89361123355289,-0.1260504201680672,0.0280065897858319,0.0417362270450751,34160.0,32260.0,28751.83333333333,-0.0866510538641686,-0.0328580285182888,0.0851481934485338,0.0633912421166084,0.4130422307334889,713984.7,1.0691041418674658,0.1778846153846154,-0.1148936170212766,32000.0,33350.0,1,0.7099683880805969,2.0,0.2,2000000.0,64,1996800,2026-05-28 00:00:00,OPEN
2026-05-28 00:00:00,11300,11420,10520,10890,2543621,0.0130232558139535,033790,피노,27700032690,24.044699430319515,0.0130232558139535,-0.1117455138662316,-0.2320169252468265,11574.0,14314.5,10078.583333333334,-0.0590979782270606,-0.2392329456145866,0.0805090001074886,0.0740486456137726,-0.3570302809544163,3061091.15,0.8309523876804518,0.0826446280991735,-0.0362831858407079,11200.0,10500.0,0,0.6466981172561646,3.0,0.2,2000000.0,183,1992870,2026-05-28 00:00:00,OPEN
2026-05-28 00:00:00,352500,356500,326500,338000,164716,-0.038406827880512,000250,삼천당제약,55674008000,24.742779232257107,-0.038406827880512,-0.0259365994236311,-0.2404494382022471,355800.0,389550.0,594683.3333333334,-0.0500281056773468,-0.1323321781542805,-0.4316302794204198,0.029598619735549,0.1187285631813088,181200.15,0.9090279450651668,0.0887573964497041,-0.0411347517730496,381500.0,339000.0,0,0.6201490163803101,4.0,0.2,2000000.0,5,1690000,2026-05-28 00:00:00,OPEN
2026-05-28 00:00:00,9690,9770,9100,9480,342372,-0.0306748466257669,293490,카카오게임즈,3245686560,21.900592739762143,-0.0306748466257669,-0.052,-0.2379421221864951,9986.0,10965.5,12174.333333333334,-0.050670939315041,-0.1354703387898408,-0.2213125975412754,0.0299161063567221,0.5845493800591477,287002.0,1.192925484839827,0.070675105485232,-0.0216718266253869,9390.0,9500.0,1,0.6118711829185486,5.0,0.2,2000000.0,210,1990800,2026-05-28 00:00:00,OPEN
2026-05-29 00:00:00,110400,111300,94800,97800,3192403,-0.1084776663628076,080220,제주반도체,312217013400,26.466964338741523,-0.1084776663628076,-0.1697792869269949,0.7814207650273224,110040.0,80520.0,55517.5,-0.1112322791712104,0.2146050670640835,0.7616067005899041,0.0990680350270623,-0.0136697020095178,4677699.45,0.6824728767043808,0.1687116564417178,-0.1141304347826086,98000.0,98500.0,1,0.7092145681381226,1.0,0.2,2000000.0,20,1956000,2026-05-29 00:00:00,OPEN
2026-05-29 00:00:00,36700,37000,32900,33400,2070271,-0.0861833105335156,043260,성호전자,69147051400,24.95950125352621,-0.0861833105335156,-0.1457800511508951,-0.1951807228915663,38950.0,41305.0,43621.66666666666,-0.1424903722721437,-0.1913811887180728,-0.2343254498911091,0.0702119914175754,-0.021620768413924,2243722.7,0.9226946805859744,0.122754491017964,-0.0899182561307901,33400.0,39450.0,1,0.7007739543914795,2.0,0.2,2000000.0,59,1970600,2026-05-29 00:00:00,OPEN
2026-05-29 00:00:00,60200,60300,55600,57300,344530,-0.0304568527918781,323280,태성,19741569000,23.705992351126447,-0.0304568527918781,-0.1357466063348416,-0.3274647887323944,64340.0,70575.0,66498.33333333333,-0.1094187130867268,-0.1880977683315622,-0.1383242687786661,0.0559435238115989,-0.2320072401256322,402865.6,0.8551983589564361,0.0820244328097731,-0.048172757475083,55700.0,55800.0,1,0.656815230846405,3.0,0.2,2000000.0,34,1948200,2026-05-29 00:00:00,OPEN
2026-05-29 00:00:00,68500,68700,63000,65800,370190,-0.035190615835777,101490,에스앤에스텍,24358502000,23.91614678368544,-0.035190615835777,-0.1607142857142857,-0.3586744639376218,72440.0,83410.0,88273.33333333333,-0.0916620651573716,-0.2111257642968469,-0.254588022052715,0.0390254198650608,-0.1264158957900698,277577.35,1.333646279136248,0.0866261398176291,-0.0394160583941605,65200.0,66500.0,1,0.6548261046409607,4.0,0.2,2000000.0,30,1974000,2026-05-29 00:00:00,OPEN
2026-05-29 00:00:00,87300,87400,77400,78300,131187,-0.1122448979591836,053610,프로텍,10271942100,23.05268194729324,-0.1122448979591836,-0.187759336099585,0.0090206185567009,88140.0,86865.0,68520.0,-0.1116405718175629,-0.0986012778449317,0.1427320490367776,0.0540927962566296,0.005757612928946,102932.65,1.274493564481241,0.1277139208173691,-0.1030927835051546,76700.0,79000.0,1,0.6527215838432312,5.0,0.2,2000000.0,25,1957500,2026-05-29 00:00:00,OPEN
2026-06-01 00:00:00,15600,15600,14150,14700,1729228,-0.060702875399361,031330,에스에이엠티,25419651600,23.958788396909625,-0.060702875399361,-0.0570878768441308,1.0588235294117645,16508.0,12664.5,8052.25,-0.1095226556820935,0.1607248608314579,0.8255767021639915,0.1178201831289681,0.4460870481469279,2776310.8,0.6228510150952841,0.0986394557823129,-0.0576923076923076,14620.0,16270.0,1,0.839085578918457,1.0,0.2,2000000.0,136,1999200,2026-06-01 00:00:00,OPEN
2026-06-01 00:00:00,118500,118500,100000,100200,1428465,-0.1515664690939882,222800,심텍,143132193000,25.68703446676763,-0.1515664690939882,-0.2397572078907435,0.1220604703247481,117860.0,109525.0,79135.83333333333,-0.1498387917868657,-0.0851403789089249,0.2661773532849636,0.0800446915224351,0.6280881434439496,934059.15,1.5293089308102168,0.184630738522954,-0.1544303797468354,100300.0,104400.0,1,0.8136122226715088,2.0,0.2,2000000.0,19,1903800,2026-06-01 00:00:00,OPEN
2026-06-01 00:00:00,142000,144100,129400,132900,322545,-0.1080536912751678,126340,비나텍,42866230500,24.481350185092264,-0.1080536912751678,-0.2136094674556212,-0.2753544165757906,152780.0,163680.0,139943.33333333334,-0.1301217436837282,-0.188049853372434,-0.0503298954338661,0.0669224435098485,1.1995553767363836,175503.65,1.837825025291497,0.110609480812641,-0.0640845070422535,130100.0,131100.0,1,0.726895809173584,3.0,0.2,2000000.0,15,1993500,2026-06-01 00:00:00,OPEN
2026-06-01 00:00:00,104300,109800,96200,99300,368158,-0.0956284153005464,295310,에이치브이엠,36558089400,24.322168322894367,-0.0956284153005464,-0.1212389380530973,0.1070234113712373,115220.0,103340.0,95250.0,-0.1381704565179656,-0.0390942519837429,0.04251968503937,0.1149325772131324,0.9401857141351432,410189.75,0.8975309597570392,0.1369587109768378,-0.0479386385426653,92100.0,100600.0,1,0.7211104035377502,4.0,0.2,2000000.0,20,1986000,2026-06-01 00:00:00,OPEN
2026-06-01 00:00:00,10480,10610,9800,10130,1891779,-0.0352380952380952,033790,피노,19163721270,23.67628481145534,-0.0352380952380952,-0.1896,-0.2965277777777777,10856.0,13916.5,10242.0,-0.0668754605747973,-0.2720870908633636,-0.0109353641866822,0.0740863818778093,0.0698225594932113,3090483.5,0.6121304320181615,0.0799605133267522,-0.0333969465648854,9990.0,10770.0,1,0.7204863429069519,5.0,0.2,2000000.0,197,1995610,2026-06-01 00:00:00,OPEN
2026-06-01 00:00:00,15600,15600,14150,14700,1729228,-0.060702875399361,031330,에스에이엠티,25419651600,23.958788396909625,-0.060702875399361,-0.0570878768441308,1.0588235294117645,16508.0,12664.5,8052.25,-0.1095226556820935,0.1607248608314579,0.8255767021639915,0.1178201831289681,0.4460870481469279,2776310.8,0.6228510150952841,0.0986394557823129,-0.0576923076923076,14620.0,16270.0,1,0.839085578918457,1.0,0.2,2000000.0,136,1999200,2026-06-01 00:00:00,OPEN
2026-06-01 00:00:00,118500,118500,100000,100200,1428465,-0.1515664690939882,222800,심텍,143132193000,25.68703446676763,-0.1515664690939882,-0.2397572078907435,0.1220604703247481,117860.0,109525.0,79135.83333333333,-0.1498387917868657,-0.0851403789089249,0.2661773532849636,0.0800446915224351,0.6280881434439496,934059.15,1.5293089308102168,0.184630738522954,-0.1544303797468354,100300.0,104400.0,1,0.8136122226715088,2.0,0.2,2000000.0,19,1903800,2026-06-01 00:00:00,OPEN
2026-06-01 00:00:00,142000,144100,129400,132900,322545,-0.1080536912751678,126340,비나텍,42866230500,24.481350185092264,-0.1080536912751678,-0.2136094674556212,-0.2753544165757906,152780.0,163680.0,139943.33333333334,-0.1301217436837282,-0.188049853372434,-0.0503298954338661,0.0669224435098485,1.1995553767363836,175503.65,1.837825025291497,0.110609480812641,-0.0640845070422535,130100.0,131100.0,1,0.726895809173584,3.0,0.2,2000000.0,15,1993500,2026-06-01 00:00:00,OPEN
2026-06-01 00:00:00,104300,109800,96200,99300,368158,-0.0956284153005464,295310,에이치브이엠,36558089400,24.322168322894367,-0.0956284153005464,-0.1212389380530973,0.1070234113712373,115220.0,103340.0,95250.0,-0.1381704565179656,-0.0390942519837429,0.04251968503937,0.1149325772131324,0.9401857141351432,410189.75,0.8975309597570392,0.1369587109768378,-0.0479386385426653,92100.0,100600.0,1,0.7211104035377502,4.0,0.2,2000000.0,20,1986000,2026-06-01 00:00:00,OPEN
2026-06-01 00:00:00,10480,10610,9800,10130,1891779,-0.0352380952380952,033790,피노,19163721270,23.67628481145534,-0.0352380952380952,-0.1896,-0.2965277777777777,10856.0,13916.5,10242.0,-0.0668754605747973,-0.2720870908633636,-0.0109353641866822,0.0740863818778093,0.0698225594932113,3090483.5,0.6121304320181615,0.0799605133267522,-0.0333969465648854,9990.0,10770.0,1,0.7204863429069519,5.0,0.2,2000000.0,197,1995610,2026-06-01 00:00:00,OPEN
2026-06-02 00:00:00,137700,144800,125400,126000,361215,-0.10828025477707,078600,대주전자재료,45513090000,24.54126581385748,-0.10828025477707,-0.2227020357803825,-0.2050473186119873,144800.0,148620.0,135425.0,-0.1298342541436463,-0.1522002422285022,-0.0695957171866347,0.0664694807141334,-0.1766785418789275,422136.8,0.8556823285721595,0.1539682539682539,-0.0849673202614379,126000.0,130100.0,1,0.7986375689506531,1.0,0.2,2000000.0,15,1890000,2026-06-02 00:00:00,OPEN
2026-06-02 00:00:00,115000,115700,105200,110900,236799,-0.0585738539898132,476830,알지노믹스,26261009100,23.99135113238664,-0.0585738539898132,-0.2398903358464702,-0.3695281409891984,125600.0,145890.0,178395.0,-0.1170382165605095,-0.2398382342861059,-0.3783458056559881,0.0515812379315633,-0.2555737890448166,297174.4,0.7968351244252533,0.0946798917944093,-0.0356521739130434,109900.0,110000.0,1,0.7416834831237793,2.0,0.2,2000000.0,18,1996200,2026-06-02 00:00:00,OPEN
2026-06-02 00:00:00,307500,313500,298500,302000,259311,-0.0750382848392037,000250,삼천당제약,78311922000,25.08396568890188,-0.0750382848392037,-0.1668965517241379,-0.2731648616125151,331400.0,373400.0,574225.0,-0.0887145443572722,-0.19121585431173,-0.4740737515782141,0.0299600747922109,0.1932604124005466,194900.35,1.3304799093485464,0.0496688741721854,-0.0178861788617886,293000.0,309500.0,1,0.7330072522163391,3.0,0.2,2000000.0,6,1812000,2026-06-02 00:00:00,OPEN
2026-06-02 00:00:00,48600,50900,47500,47950,247172,-0.0467196819085486,491000,리브스메드,11851897400,23.195753809937845,-0.0467196819085486,-0.3537735849056603,-0.3265449438202247,53710.0,62707.5,68557.5,-0.1072425991435487,-0.2353386755970179,-0.3005870984210335,0.0664586024798553,-0.3881366253595599,427473.9,0.5782154185319852,0.0709071949947862,-0.0133744855967078,47500.0,49400.0,1,0.7325706481933594,4.0,0.2,2000000.0,41,1965950,2026-06-02 00:00:00,OPEN
2026-06-02 00:00:00,14810,14980,14130,14410,2157919,-0.0519736842105262,050890,쏠리드,31095612790,24.160332578367093,-0.0519736842105262,-0.2142857142857143,-0.157802454704851,15726.0,16717.5,15236.0,-0.0836830726185934,-0.1380290115148795,-0.0542137043843528,0.0551935693299786,-0.0022913945558573,7199713.45,0.2997229007773913,0.0589868147120055,-0.0270087778528021,14700.0,14990.0,1,0.7151715159416199,5.0,0.2,2000000.0,138,1988580,2026-06-02 00:00:00,OPEN
2026-06-04 00:00:00,9450,12150,9450,10530,4618836,-0.1098901098901099,038500,삼표시멘트,48636343080,24.607636888410312,-0.1098901098901099,-0.1542168674698795,-0.3535911602209944,11770.0,13314.0,15359.5,-0.1053525913338997,-0.2091031996394772,-0.3144308082945408,0.0510319874415881,0.3978038659319589,3673489.45,1.257342933161275,0.2564102564102564,0.1142857142857142,10110.0,10480.0,1,0.8163989782333374,1.0,0.2,2000000.0,189,1990170,2026-06-04 00:00:00,OPEN
2026-06-04 00:00:00,137800,146500,132500,139200,1114914,-0.123425692695214,090360,로보스타,155196028800,25.76795485674574,-0.123425692695214,0.7185185185185186,0.9441340782122905,118380.0,87915.0,71673.33333333333,0.1758743030917384,0.5833475516123527,0.9421449167519302,0.1314859057942319,-0.3211161346303146,621494.2,1.7939250277798249,0.1005747126436781,0.0101596516690856,129900.0,148100.0,1,0.7945776581764221,2.0,0.2,2000000.0,14,1948800,2026-06-04 00:00:00,OPEN
2026-06-04 00:00:00,129000,133500,126000,126300,66335,-0.0366132723112128,126340,비나텍,8378110500,22.84888824880896,-0.0366132723112128,-0.2101313320825516,-0.3161884136437466,138280.0,158535.0,139973.33333333334,-0.0866358113971651,-0.2033304948434099,-0.0976852733854067,0.0650063846902373,-0.5633873271419263,159605.25,0.4156191603972927,0.0593824228028503,-0.0209302325581395,121500.0,121600.0,1,0.7823769450187683,3.0,0.2,2000000.0,15,1894500,2026-06-04 00:00:00,OPEN
2026-06-04 00:00:00,125800,155700,125100,155700,543116,0.2996661101836393,084370,유진테크,84563161200,25.16076456192741,0.2996661101836393,0.1822323462414579,0.1795454545454544,130820.0,132975.0,129423.33333333331,0.1901849870050451,0.1708967851099831,0.203028820150926,0.0945101378985253,1.401563557092385,253918.9,2.138934911895097,0.1965317919075144,0.2376788553259141,144900.0,156900.0,1,0.7514171004295349,4.0,0.2,2000000.0,12,1868400,2026-06-04 00:00:00,OPEN
2026-06-04 00:00:00,58200,70400,57800,69500,1227101,0.2822878228782288,089970,브이엠,85283519500,25.169247066458425,0.2822878228782288,0.0859375,0.2432915921288014,59920.0,58785.0,50800.833333333336,0.1598798397863818,0.1822743897252701,0.3680877938354028,0.0841688747129063,1.4560047074552722,508718.9,2.4121395922188067,0.1812949640287769,0.1941580756013745,67000.0,68000.0,1,0.7253496050834656,5.0,0.2,2000000.0,28,1946000,2026-06-04 00:00:00,OPEN
2026-06-08 00:00:00,55000,59800,52500,54900,248954,-0.1299524564183835,475830,오름테라퓨틱,13667574600,23.338292046995463,-0.1299524564183835,-0.1902654867256636,-0.3578947368421052,61900.0,70385.0,88235.0,-0.1130856219709208,-0.2200042622717908,-0.3777979259930866,0.0553251301511242,0.4349181830233375,208421.15,1.1944757046009966,0.1329690346083788,-0.0018181818181818,54600.0,62500.0,1,0.9757103323936462,1.0,0.2,2000000.0,36,1976400,2026-06-08 00:00:00,OPEN
2026-06-08 00:00:00,464000,465000,394000,396500,172277,-0.1705020920502091,039030,이오테크닉스,68307830500,24.947290245575225,-0.1705020920502091,-0.1342794759825327,-0.1445523193096008,450500.0,479925.0,455733.3333333333,-0.1198668146503885,-0.1738292441527321,-0.1299736688121708,0.0916275173205177,-0.1642880704750077,154860.1,1.1124686087636515,0.1790668348045397,-0.1454741379310344,404500.0,432500.0,1,0.95502769947052,2.0,0.2,2000000.0,5,1982500,2026-06-08 00:00:00,OPEN
2026-06-08 00:00:00,46000,49950,44500,44850,272382,-0.1537735849056604,456160,지투지바이오,12216332700,23.226039639347807,-0.1537735849056604,-0.229381443298969,-0.4301143583227446,52290.0,62072.5,73939.16666666667,-0.142283419391853,-0.2774578114301824,-0.3934202666606557,0.0525053719171627,0.3929163172213472,276464.15,0.9852344327465242,0.1215161649944258,-0.025,44700.0,48350.0,1,0.9501457810401917,3.0,0.2,2000000.0,44,1973400,2026-06-08 00:00:00,OPEN
2026-06-08 00:00:00,192800,195600,175100,181000,215675,-0.1360381861575179,310210,보로노이,39037175000,24.38778023421836,-0.1360381861575179,-0.3693379790940766,-0.3864406779661017,219600.0,257000.0,289675.0,-0.1757741347905282,-0.2957198443579766,-0.3751618192802278,0.056576423642376,0.9468415446552688,121297.4,1.77806779040606,0.1132596685082873,-0.0612033195020746,182700.0,186500.0,1,0.9394838213920592,4.0,0.2,2000000.0,11,1991000,2026-06-08 00:00:00,OPEN
2026-06-08 00:00:00,270500,277500,233000,239000,439281,-0.1815068493150684,000250,삼천당제약,104988159000,25.377113409325712,-0.1815068493150684,-0.2949852507374632,-0.4017521902377973,293800.0,354675.0,549616.6666666666,-0.1865214431586113,-0.3261436526397406,-0.56515146920581,0.0494142936427445,2.1130174118247336,214514.85,2.047788299970841,0.1861924686192468,-0.1164510166358595,238000.0,242500.0,1,0.9316949844360352,5.0,0.2,2000000.0,8,1912000,2026-06-08 00:00:00,OPEN
2026-06-09 00:00:00,13870,14000,12810,13470,1926692,0.1632124352331605,046890,서울반도체,25952541240,23.97953537012588,0.1632124352331605,-0.0239130434782608,-0.2516666666666667,13176.0,14794.0,12572.0,0.0223132969034607,-0.0894957415168311,0.0714285714285714,0.0701460287061313,2.172026387839335,1974097.95,0.975986019336072,0.0883444691907943,-0.0288392213410237,12860.0,13150.0,1,0.9118788838386536,1.0,0.2,2000000.0,148,1993560,2026-06-09 00:00:00,OPEN
2026-06-09 00:00:00,18330,19980,18060,19220,380388,0.0815981992121552,059090,미코,7311057360,22.71265374607553,0.0815981992121552,-0.0413965087281795,-0.2074226804123711,20728.0,21442.5,18670.33333333333,-0.0727518332690081,-0.1036492946251602,0.029440645587474,0.0779206844824155,-0.2563386229318465,613396.7,0.6201337568330577,0.0998959417273673,0.0485542825968357,19090.0,20100.0,1,0.9080002307891846,2.0,0.2,2000000.0,104,1998880,2026-06-09 00:00:00,OPEN
2026-06-09 00:00:00,69100,76700,69100,75600,42442,0.1419939577039275,053610,프로텍,3208615200,21.88910527945028,0.1419939577039275,-0.0430379746835443,-0.1260115606936416,74200.0,84665.0,70606.66666666667,0.0188679245283018,-0.1070690367920628,0.0707204230006608,0.0698656145057294,-0.7047574659311457,96773.85,0.4385688902528937,0.1005291005291005,0.0940665701881331,72800.0,77000.0,1,0.8750974535942078,3.0,0.2,2000000.0,26,1965600,2026-06-09 00:00:00,OPEN
2026-06-09 00:00:00,35250,37550,34900,37550,65004,0.0836940836940836,094170,동운아나텍,2440900200,21.615632743047865,0.0836940836940836,-0.0359435173299101,-0.2651663405088063,37930.0,43285.0,37868.333333333336,-0.010018455048774,-0.1324939355434908,-0.0084063201443599,0.048989047557284,-0.482452229299363,153983.65,0.4221487151395619,0.0705725699067909,0.0652482269503546,37600.0,37750.0,1,0.8739784955978394,4.0,0.2,2000000.0,53,1990150,2026-06-09 00:00:00,OPEN
2026-06-09 00:00:00,13310,14780,13310,14550,1108210,0.1106870229007632,232140,와이씨,16124455500,23.50360293167828,0.1106870229007632,-0.0831758034026465,-0.3248259860788863,14770.0,17471.5,19284.166666666668,-0.0148950575490859,-0.1672151790058095,-0.2454950088587356,0.0551463264034453,-0.0928127217910442,924297.4,1.1989755678204872,0.1010309278350515,0.0931630353117956,14020.0,14260.0,1,0.8094508647918701,5.0,0.2,2000000.0,137,1993350,2026-06-09 00:00:00,OPEN
2026-06-10 00:00:00,184800,211000,184500,198000,129240,0.0616621983914209,310210,보로노이,25589520000,23.965448729654184,0.0616621983914209,-0.1502145922746781,-0.2760511882998172,199900.0,248325.0,285158.3333333333,-0.009504752376188,-0.2026578073089701,-0.305648908501125,0.0602199328074726,-0.2968558728638815,126221.95,1.0239106589622486,0.1338383838383838,0.0714285714285714,196800.0,207000.0,1,0.861570417881012,1.0,0.2,2000000.0,10,1980000,2026-06-10 00:00:00,OPEN
2026-06-10 00:00:00,17900,18270,15880,16300,10590609,-0.1112322791712104,010170,대한광통신,172626926700,25.87439860980692,-0.1112322791712104,-0.155440414507772,-0.4168157423971377,17920.0,22370.0,16479.0,-0.0904017857142857,-0.2713455520786768,-0.0108623096061654,0.0837901680051047,-0.55442722410071,22335977.2,0.4741502422378905,0.1466257668711656,-0.0893854748603352,15500.0,17070.0,1,0.8604168891906738,2.0,0.2,2000000.0,122,1988600,2026-06-10 00:00:00,OPEN
2026-06-10 00:00:00,46300,47200,39000,39450,2492559,-0.097254004576659,100790,미래에셋벤처투자,98331452550,25.311609777835205,-0.097254004576659,-0.0247218788627935,-0.3688,40810.0,51692.5,42605.833333333336,-0.0333251654006371,-0.2368331963050732,-0.0740704520116573,0.0926244678825129,-0.119723276508416,3235756.85,0.7703171516116855,0.2078580481622306,-0.1479481641468682,37850.0,42100.0,1,0.8407673239707947,3.0,0.2,2000000.0,50,1972500,2026-06-10 00:00:00,OPEN
2026-06-10 00:00:00,26500,27000,24500,25600,74899,-0.055350553505535,160190,하이젠알앤엠,1917414400,21.374243449270526,-0.055350553505535,-0.1578947368421053,-0.4181818181818182,27280.0,33607.5,39043.333333333336,-0.0615835777126099,-0.2382652681693075,-0.3443182788354819,0.0545347774352667,-0.3015107712393919,252343.35,0.2968138451042993,0.09765625,-0.0339622641509433,24050.0,25900.0,1,0.8309065103530884,4.0,0.2,2000000.0,78,1996800,2026-06-10 00:00:00,OPEN
2026-06-10 00:00:00,41000,41800,39500,40500,131200,-0.0133982947624847,491000,리브스메드,5313600000,22.39353540877495,-0.0133982947624847,-0.1553701772679875,-0.3937125748502994,43110.0,56850.0,64911.66666666666,-0.0605427974947807,-0.2875989445910289,-0.3760751790895319,0.0748761258969793,-0.3653434981569807,405935.05,0.3232044141051629,0.0567901234567901,-0.0121951219512195,40450.0,40600.0,1,0.8075754642486572,5.0,0.2,2000000.0,49,1984500,2026-06-10 00:00:00,OPEN
2026-06-11 00:00:00,134700,155000,128100,152200,706498,0.1232472324723248,131970,두산테스나,107528995600,25.4010263746654,0.1232472324723248,0.0318644067796609,0.0511049723756906,133740.0,158495.0,125503.33333333331,0.1380290115148796,-0.0397173412410486,0.2127167937106584,0.0845796608221555,0.0695602149723715,446877.6,1.580965347110708,0.1767411300919842,0.1299183370452858,170700.0,175000.0,1,0.7901392579078674,1.0,0.2,2000000.0,13,1978600,2026-06-11 00:00:00,OPEN
2026-06-11 00:00:00,438000,510000,435000,504000,327636,0.1506849315068492,039030,이오테크닉스,165128544000,25.829990062093028,0.1506849315068492,0.0161290322580645,0.1775700934579438,449800.0,478275.0,458316.6666666667,0.1204979991107157,0.0537870472008781,0.0996763518673404,0.0927516690348339,0.7107053534599339,166977.6,1.9621554028803865,0.1488095238095238,0.1506849315068493,507000.0,612000.0,1,0.7292013764381409,2.0,0.2,2000000.0,3,1512000,2026-06-11 00:00:00,OPEN
2026-06-11 00:00:00,24050,26300,23550,25900,85164,0.01171875,160190,하이젠알앤엠,2205747600,21.51433233645397,0.01171875,-0.1494252873563218,-0.3774038461538461,26370.0,32822.5,38525.0,-0.017823284034888,-0.2109071521060248,-0.3277092796885139,0.0546769691021856,0.1370512289883709,233824.7,0.3642215728278492,0.1061776061776061,0.0769230769230769,27000.0,27700.0,1,0.712451159954071,3.0,0.2,2000000.0,77,1994300,2026-06-11 00:00:00,OPEN
2026-06-11 00:00:00,10150,11860,9620,11540,12871652,0.1032504780114722,090710,휴림로봇,148538864080,25.724112471931985,0.1032504780114722,0.1053639846743295,-0.1102544333076329,10566.0,11297.0,11891.833333333334,0.0921824720802575,0.021510135434186,-0.029586130537764,0.0510835335703455,1.9858553110783053,8609292.65,1.4950882172648643,0.194107452339688,0.1369458128078817,11610.0,11730.0,1,0.6950411796569824,4.0,0.2,2000000.0,173,1996420,2026-06-11 00:00:00,OPEN
2026-06-11 00:00:00,116700,142900,116100,141000,3560123,0.2082262210796914,240810,원익IPS,501977343000,26.941820822155453,0.2082262210796914,0.1084905660377357,0.1279999999999999,122880.0,117605.0,120040.0,0.1474609375,0.1989286169805706,0.1746084638453848,0.1112786579706703,1.3140145790881408,1062070.85,3.3520579159102235,0.1900709219858156,0.2082262210796915,163100.0,183300.0,1,0.6928861737251282,5.0,0.2,2000000.0,14,1974000,2026-06-11 00:00:00,OPEN
2026-06-12 00:00:00,299500,300000,254000,261500,244622,-0.005703422053231932,000250,삼천당제약,63968653000,24.881659003457045,-0.005703422053231932,-0.10445205479452058,-0.34461152882205515,252900.0,324575.0,515658.3333333333,0.03400553578489518,-0.19433104829392278,-0.49288126828164647,0.05299079741476436,-0.20639884766239625,222765.7,1.0981133989658192,0.17590822179732313,-0.12687813021702837,259500.0,266000.0,1,0.863944947719574,1.0,0.2,2000000.0,7,1830500,2026-06-12 00:00:00,OPEN
2026-06-12 00:00:00,27800,28500,26500,27200,319517,0.0,0009K0,에임드바이오,8690862400,22.885538011921092,0.0,0.026415094339622636,-0.33251533742331285,25690.0,32767.5,43591.666666666664,0.05877773452705326,-0.1699092088197146,-0.37602752819728535,0.07249979184208472,-0.1962584614765418,322378.4,0.9911240951627032,0.07352941176470588,-0.02158273381294964,27700.0,27750.0,1,0.7576286196708679,2.0,0.2,2000000.0,73,1985600,2026-06-12 00:00:00,OPEN
2026-06-12 00:00:00,9900,10230,9120,9210,1591780,-0.037617554858934144,033790,피노,14660293800,23.408408574200006,-0.037617554858934144,-0.13439849624060152,-0.39960886571056065,9242.0,11391.0,10834.0,-0.003462454014282579,-0.19146694759020277,-0.14989846778659777,0.05964439602025349,-0.1506506797601217,2290351.25,0.6949938355525163,0.12052117263843648,-0.0696969696969697,9300.0,9370.0,1,0.7327532768249512,3.0,0.2,2000000.0,217,1998570,2026-06-12 00:00:00,OPEN
2026-06-12 00:00:00,57300,71500,56600,71500,16855107,0.30000000000000004,403870,HPSP,1205140150500,27.817616983577686,0.30000000000000004,0.4214711729622267,0.2929475587703436,56750.0,52452.5,49518.333333333336,0.2599118942731278,0.3631380773080406,0.44390966308774527,0.10332258616704675,0.9785088699552158,4912597.75,3.430996767443457,0.2083916083916084,0.24781849912739964,71900.0,83500.0,1,0.7114137411117554,4.0,0.2,2000000.0,27,1930500,2026-06-12 00:00:00,OPEN
2026-06-12 00:00:00,96600,96700,90100,91100,372432,-0.02148227712137485,298380,에이비엘바이오,33928555200,24.247522833079362,-0.02148227712137485,-0.08717434869739482,-0.26472962066182404,91080.0,107405.0,141125.0,0.00021958717610881529,-0.15180857501978495,-0.35447298494242696,0.0451818577640821,-0.39749766234942785,471633.5,0.7896640081758399,0.07244785949506037,-0.056935817805383024,93300.0,95900.0,1,0.6952619552612305,5.0,0.2,2000000.0,21,1913100,2026-06-12 00:00:00,OPEN
